"Date","AQS_SITE_ID","POC","Daily Max 8-hour CO Concentration","UNITS","DAILY_AQI_VALUE","DAILY_OBS_COUNT","PERCENT_COMPLETE","AQS_PARAMETER_CODE","AQS_PARAMETER_DESC","CBSA_CODE","CBSA_NAME","STATE_CODE","STATE","COUNTY_CODE","COUNTY","SITE_LATITUDE","SITE_LONGITUDE"
"01/01/2018","482011035","1","0.2","ppm","2","19","79.0000","42101","Carbon monoxide","26420","Houston-The Woodlands-Sugar Land, TX","48","Texas","201","Harris","29.733726","-95.257593"
"01/02/2018","482011035","1","0.2","ppm","2","24","100.0000","42101","Carbon monoxide","26420","Houston-The Woodlands-Sugar Land, TX","48","Texas","201","Harris","29.733726","-95.257593"
"01/03/2018","482011035","1","0.7","ppm","8","24","100.0000","42101","Carbon monoxide","26420","Houston-The Woodlands-Sugar Land, TX","48","Texas","201","Harris","29.733726","-95.257593"
"01/04/2018","482011035","1","1.2","ppm","14","24","100.0000","42101","Carbon monoxide","26420","Houston-The Woodlands-Sugar Land, TX","48","Texas","201","Harris","29.733726","-95.257593"
"01/05/2018","482011035","1","0.6","ppm","7","24","100.0000","42101","Carbon monoxide","26420","Houston-The Woodlands-Sugar Land, TX","48","Texas","201","Harris","29.733726","-95.257593"
"01/06/2018","482011035","1","0.4","ppm","5","24","100.0000","42101","Carbon monoxide","26420","Houston-The Woodlands-Sugar Land, TX","48","Texas","201","Harris","29.733726","-95.257593"
"01/07/2018","482011035","1","0.2","ppm","2","24","100.0000","42101","Carbon monoxide","26420","Houston-The Woodlands-Sugar Land, TX","48","Texas","201","Harris","29.733726","-95.257593"
"01/08/2018","482011035","1","0.3","ppm","3","24","100.0000","42101","Carbon monoxide","26420","Houston-The Woodlands-Sugar Land, TX","48","Texas","201","Harris","29.733726","-95.257593"
"01/09/2018","482011035","1","0.3","ppm","3","24","100.0000","42101","Carbon monoxide","26420","Houston-The Woodlands-Sugar Land, TX","48","Texas","201","Harris","29.733726","-95.257593"
"01/10/2018","482011035","1","0.3","ppm","3","24","100.0000","42101","Carbon monoxide","26420","Houston-The Woodlands-Sugar Land, TX","48","Texas","201","Harris","29.733726","-95.257593"
"01/11/2018","482011035","1","0.3","ppm","3","24","100.0000","42101","Carbon monoxide","26420","Houston-The Woodlands-Sugar Land, TX","48","Texas","201","Harris","29.733726","-95.257593"
"01/12/2018","482011035","1","0.3","ppm","3","24","100.0000","42101","Carbon monoxide","26420","Houston-The Woodlands-Sugar Land, TX","48","Texas","201","Harris","29.733726","-95.257593"
"01/13/2018","482011035","1","0.5","ppm","6","24","100.0000","42101","Carbon monoxide","26420","Houston-The Woodlands-Sugar Land, TX","48","Texas","201","Harris","29.733726","-95.257593"
"01/14/2018","482011035","1","0.5","ppm","6","24","100.0000","42101","Carbon monoxide","26420","Houston-The Woodlands-Sugar Land, TX","48","Texas","201","Harris","29.733726","-95.257593"
"01/15/2018","482011035","1","0.2","ppm","2","24","100.0000","42101","Carbon monoxide","26420","Houston-The Woodlands-Sugar Land, TX","48","Texas","201","Harris","29.733726","-95.257593"
"01/16/2018","482011035","1","0.2","ppm","2","24","100.0000","42101","Carbon monoxide","26420","Houston-The Woodlands-Sugar Land, TX","48","Texas","201","Harris","29.733726","-95.257593"
"01/17/2018","482011035","1","0.3","ppm","3","24","100.0000","42101","Carbon monoxide","26420","Houston-The Woodlands-Sugar Land, TX","48","Texas","201","Harris","29.733726","-95.257593"
"01/18/2018","482011035","1","0.4","ppm","5","24","100.0000","42101","Carbon monoxide","26420","Houston-The Woodlands-Sugar Land, TX","48","Texas","201","Harris","29.733726","-95.257593"
"01/19/2018","482011035","1","0.3","ppm","3","24","100.0000","42101","Carbon monoxide","26420","Houston-The Woodlands-Sugar Land, TX","48","Texas","201","Harris","29.733726","-95.257593"
"01/20/2018","482011035","1","0.2","ppm","2","24","100.0000","42101","Carbon monoxide","26420","Houston-The Woodlands-Sugar Land, TX","48","Texas","201","Harris","29.733726","-95.257593"
"01/21/2018","482011035","1","0.2","ppm","2","24","100.0000","42101","Carbon monoxide","26420","Houston-The Woodlands-Sugar Land, TX","48","Texas","201","Harris","29.733726","-95.257593"
"01/22/2018","482011035","1","0.4","ppm","5","24","100.0000","42101","Carbon monoxide","26420","Houston-The Woodlands-Sugar Land, TX","48","Texas","201","Harris","29.733726","-95.257593"
"01/23/2018","482011035","1","0.5","ppm","6","24","100.0000","42101","Carbon monoxide","26420","Houston-The Woodlands-Sugar Land, TX","48","Texas","201","Harris","29.733726","-95.257593"
"01/24/2018","482011035","1","0.4","ppm","5","24","100.0000","42101","Carbon monoxide","26420","Houston-The Woodlands-Sugar Land, TX","48","Texas","201","Harris","29.733726","-95.257593"
"01/25/2018","482011035","1","0.7","ppm","8","24","100.0000","42101","Carbon monoxide","26420","Houston-The Woodlands-Sugar Land, TX","48","Texas","201","Harris","29.733726","-95.257593"
"01/26/2018","482011035","1","0.2","ppm","2","24","100.0000","42101","Carbon monoxide","26420","Houston-The Woodlands-Sugar Land, TX","48","Texas","201","Harris","29.733726","-95.257593"
"01/27/2018","482011035","1","0.3","ppm","3","24","100.0000","42101","Carbon monoxide","26420","Houston-The Woodlands-Sugar Land, TX","48","Texas","201","Harris","29.733726","-95.257593"
"01/28/2018","482011035","1","0.4","ppm","5","24","100.0000","42101","Carbon monoxide","26420","Houston-The Woodlands-Sugar Land, TX","48","Texas","201","Harris","29.733726","-95.257593"
"01/29/2018","482011035","1","0.4","ppm","5","24","100.0000","42101","Carbon monoxide","26420","Houston-The Woodlands-Sugar Land, TX","48","Texas","201","Harris","29.733726","-95.257593"
"01/30/2018","482011035","1","0.2","ppm","2","24","100.0000","42101","Carbon monoxide","26420","Houston-The Woodlands-Sugar Land, TX","48","Texas","201","Harris","29.733726","-95.257593"
"01/31/2018","482011035","1","0.2","ppm","2","24","100.0000","42101","Carbon monoxide","26420","Houston-The Woodlands-Sugar Land, TX","48","Texas","201","Harris","29.733726","-95.257593"
"02/01/2018","482011035","1","0.3","ppm","3","24","100.0000","42101","Carbon monoxide","26420","Houston-The Woodlands-Sugar Land, TX","48","Texas","201","Harris","29.733726","-95.257593"
"02/02/2018","482011035","1","0.2","ppm","2","24","100.0000","42101","Carbon monoxide","26420","Houston-The Woodlands-Sugar Land, TX","48","Texas","201","Harris","29.733726","-95.257593"
"02/03/2018","482011035","1","0.3","ppm","3","24","100.0000","42101","Carbon monoxide","26420","Houston-The Woodlands-Sugar Land, TX","48","Texas","201","Harris","29.733726","-95.257593"
"02/04/2018","482011035","1","0.3","ppm","3","24","100.0000","42101","Carbon monoxide","26420","Houston-The Woodlands-Sugar Land, TX","48","Texas","201","Harris","29.733726","-95.257593"
"02/05/2018","482011035","1","0.2","ppm","2","18","75.0000","42101","Carbon monoxide","26420","Houston-The Woodlands-Sugar Land, TX","48","Texas","201","Harris","29.733726","-95.257593"
"02/06/2018","482011035","1","0.3","ppm","3","24","100.0000","42101","Carbon monoxide","26420","Houston-The Woodlands-Sugar Land, TX","48","Texas","201","Harris","29.733726","-95.257593"
"02/07/2018","482011035","1","0.2","ppm","2","24","100.0000","42101","Carbon monoxide","26420","Houston-The Woodlands-Sugar Land, TX","48","Texas","201","Harris","29.733726","-95.257593"
"02/08/2018","482011035","1","0.3","ppm","3","24","100.0000","42101","Carbon monoxide","26420","Houston-The Woodlands-Sugar Land, TX","48","Texas","201","Harris","29.733726","-95.257593"
"02/09/2018","482011035","1","0.3","ppm","3","24","100.0000","42101","Carbon monoxide","26420","Houston-The Woodlands-Sugar Land, TX","48","Texas","201","Harris","29.733726","-95.257593"
"02/10/2018","482011035","1","0.3","ppm","3","24","100.0000","42101","Carbon monoxide","26420","Houston-The Woodlands-Sugar Land, TX","48","Texas","201","Harris","29.733726","-95.257593"
"02/11/2018","482011035","1","0.3","ppm","3","24","100.0000","42101","Carbon monoxide","26420","Houston-The Woodlands-Sugar Land, TX","48","Texas","201","Harris","29.733726","-95.257593"
"02/12/2018","482011035","1","0.2","ppm","2","24","100.0000","42101","Carbon monoxide","26420","Houston-The Woodlands-Sugar Land, TX","48","Texas","201","Harris","29.733726","-95.257593"
"02/13/2018","482011035","1","0.3","ppm","3","24","100.0000","42101","Carbon monoxide","26420","Houston-The Woodlands-Sugar Land, TX","48","Texas","201","Harris","29.733726","-95.257593"
"02/14/2018","482011035","1","0.3","ppm","3","24","100.0000","42101","Carbon monoxide","26420","Houston-The Woodlands-Sugar Land, TX","48","Texas","201","Harris","29.733726","-95.257593"
"02/15/2018","482011035","1","0.2","ppm","2","24","100.0000","42101","Carbon monoxide","26420","Houston-The Woodlands-Sugar Land, TX","48","Texas","201","Harris","29.733726","-95.257593"
"02/16/2018","482011035","1","0.3","ppm","3","24","100.0000","42101","Carbon monoxide","26420","Houston-The Woodlands-Sugar Land, TX","48","Texas","201","Harris","29.733726","-95.257593"
"02/17/2018","482011035","1","0.2","ppm","2","24","100.0000","42101","Carbon monoxide","26420","Houston-The Woodlands-Sugar Land, TX","48","Texas","201","Harris","29.733726","-95.257593"
"02/18/2018","482011035","1","0.2","ppm","2","24","100.0000","42101","Carbon monoxide","26420","Houston-The Woodlands-Sugar Land, TX","48","Texas","201","Harris","29.733726","-95.257593"
"02/19/2018","482011035","1","0.1","ppm","1","24","100.0000","42101","Carbon monoxide","26420","Houston-The Woodlands-Sugar Land, TX","48","Texas","201","Harris","29.733726","-95.257593"
"02/20/2018","482011035","1","0.1","ppm","1","24","100.0000","42101","Carbon monoxide","26420","Houston-The Woodlands-Sugar Land, TX","48","Texas","201","Harris","29.733726","-95.257593"
"02/21/2018","482011035","1","0.3","ppm","3","24","100.0000","42101","Carbon monoxide","26420","Houston-The Woodlands-Sugar Land, TX","48","Texas","201","Harris","29.733726","-95.257593"
"02/22/2018","482011035","1","0.3","ppm","3","24","100.0000","42101","Carbon monoxide","26420","Houston-The Woodlands-Sugar Land, TX","48","Texas","201","Harris","29.733726","-95.257593"
"02/23/2018","482011035","1","0.5","ppm","6","24","100.0000","42101","Carbon monoxide","26420","Houston-The Woodlands-Sugar Land, TX","48","Texas","201","Harris","29.733726","-95.257593"
"02/24/2018","482011035","1","0.1","ppm","1","24","100.0000","42101","Carbon monoxide","26420","Houston-The Woodlands-Sugar Land, TX","48","Texas","201","Harris","29.733726","-95.257593"
"02/25/2018","482011035","1","0.2","ppm","2","24","100.0000","42101","Carbon monoxide","26420","Houston-The Woodlands-Sugar Land, TX","48","Texas","201","Harris","29.733726","-95.257593"
"02/26/2018","482011035","1","0.2","ppm","2","24","100.0000","42101","Carbon monoxide","26420","Houston-The Woodlands-Sugar Land, TX","48","Texas","201","Harris","29.733726","-95.257593"
"02/27/2018","482011035","1","0.2","ppm","2","24","100.0000","42101","Carbon monoxide","26420","Houston-The Woodlands-Sugar Land, TX","48","Texas","201","Harris","29.733726","-95.257593"
"02/28/2018","482011035","1","0.1","ppm","1","24","100.0000","42101","Carbon monoxide","26420","Houston-The Woodlands-Sugar Land, TX","48","Texas","201","Harris","29.733726","-95.257593"
"03/01/2018","482011035","1","0.1","ppm","1","24","100.0000","42101","Carbon monoxide","26420","Houston-The Woodlands-Sugar Land, TX","48","Texas","201","Harris","29.733726","-95.257593"
"03/02/2018","482011035","1","0.2","ppm","2","24","100.0000","42101","Carbon monoxide","26420","Houston-The Woodlands-Sugar Land, TX","48","Texas","201","Harris","29.733726","-95.257593"
"03/03/2018","482011035","1","0.2","ppm","2","24","100.0000","42101","Carbon monoxide","26420","Houston-The Woodlands-Sugar Land, TX","48","Texas","201","Harris","29.733726","-95.257593"
"03/04/2018","482011035","1","0.2","ppm","2","24","100.0000","42101","Carbon monoxide","26420","Houston-The Woodlands-Sugar Land, TX","48","Texas","201","Harris","29.733726","-95.257593"
"03/05/2018","482011035","1","0.2","ppm","2","24","100.0000","42101","Carbon monoxide","26420","Houston-The Woodlands-Sugar Land, TX","48","Texas","201","Harris","29.733726","-95.257593"
"03/06/2018","482011035","1","0.3","ppm","3","24","100.0000","42101","Carbon monoxide","26420","Houston-The Woodlands-Sugar Land, TX","48","Texas","201","Harris","29.733726","-95.257593"
"03/07/2018","482011035","1","0.3","ppm","3","24","100.0000","42101","Carbon monoxide","26420","Houston-The Woodlands-Sugar Land, TX","48","Texas","201","Harris","29.733726","-95.257593"
"03/08/2018","482011035","1","0.3","ppm","3","24","100.0000","42101","Carbon monoxide","26420","Houston-The Woodlands-Sugar Land, TX","48","Texas","201","Harris","29.733726","-95.257593"
"03/09/2018","482011035","1","0.2","ppm","2","24","100.0000","42101","Carbon monoxide","26420","Houston-The Woodlands-Sugar Land, TX","48","Texas","201","Harris","29.733726","-95.257593"
"03/10/2018","482011035","1","0.2","ppm","2","24","100.0000","42101","Carbon monoxide","26420","Houston-The Woodlands-Sugar Land, TX","48","Texas","201","Harris","29.733726","-95.257593"
"03/11/2018","482011035","1","0.2","ppm","2","24","100.0000","42101","Carbon monoxide","26420","Houston-The Woodlands-Sugar Land, TX","48","Texas","201","Harris","29.733726","-95.257593"
"03/12/2018","482011035","1","0.3","ppm","3","24","100.0000","42101","Carbon monoxide","26420","Houston-The Woodlands-Sugar Land, TX","48","Texas","201","Harris","29.733726","-95.257593"
"03/13/2018","482011035","1","0.4","ppm","5","24","100.0000","42101","Carbon monoxide","26420","Houston-The Woodlands-Sugar Land, TX","48","Texas","201","Harris","29.733726","-95.257593"
"03/14/2018","482011035","1","0.3","ppm","3","24","100.0000","42101","Carbon monoxide","26420","Houston-The Woodlands-Sugar Land, TX","48","Texas","201","Harris","29.733726","-95.257593"
"03/15/2018","482011035","1","0.2","ppm","2","24","100.0000","42101","Carbon monoxide","26420","Houston-The Woodlands-Sugar Land, TX","48","Texas","201","Harris","29.733726","-95.257593"
"03/16/2018","482011035","1","0.2","ppm","2","24","100.0000","42101","Carbon monoxide","26420","Houston-The Woodlands-Sugar Land, TX","48","Texas","201","Harris","29.733726","-95.257593"
"03/17/2018","482011035","1","0.2","ppm","2","24","100.0000","42101","Carbon monoxide","26420","Houston-The Woodlands-Sugar Land, TX","48","Texas","201","Harris","29.733726","-95.257593"
"03/18/2018","482011035","1","0.2","ppm","2","24","100.0000","42101","Carbon monoxide","26420","Houston-The Woodlands-Sugar Land, TX","48","Texas","201","Harris","29.733726","-95.257593"
"03/19/2018","482011035","1","0.2","ppm","2","24","100.0000","42101","Carbon monoxide","26420","Houston-The Woodlands-Sugar Land, TX","48","Texas","201","Harris","29.733726","-95.257593"
"03/20/2018","482011035","1","0.3","ppm","3","24","100.0000","42101","Carbon monoxide","26420","Houston-The Woodlands-Sugar Land, TX","48","Texas","201","Harris","29.733726","-95.257593"
"03/21/2018","482011035","1","0.4","ppm","5","24","100.0000","42101","Carbon monoxide","26420","Houston-The Woodlands-Sugar Land, TX","48","Texas","201","Harris","29.733726","-95.257593"
"03/22/2018","482011035","1","0.4","ppm","5","24","100.0000","42101","Carbon monoxide","26420","Houston-The Woodlands-Sugar Land, TX","48","Texas","201","Harris","29.733726","-95.257593"
"03/23/2018","482011035","1","0.2","ppm","2","24","100.0000","42101","Carbon monoxide","26420","Houston-The Woodlands-Sugar Land, TX","48","Texas","201","Harris","29.733726","-95.257593"
"03/24/2018","482011035","1","0.2","ppm","2","24","100.0000","42101","Carbon monoxide","26420","Houston-The Woodlands-Sugar Land, TX","48","Texas","201","Harris","29.733726","-95.257593"
"03/25/2018","482011035","1","0.2","ppm","2","24","100.0000","42101","Carbon monoxide","26420","Houston-The Woodlands-Sugar Land, TX","48","Texas","201","Harris","29.733726","-95.257593"
"03/26/2018","482011035","1","0.2","ppm","2","24","100.0000","42101","Carbon monoxide","26420","Houston-The Woodlands-Sugar Land, TX","48","Texas","201","Harris","29.733726","-95.257593"
"03/27/2018","482011035","1","0.2","ppm","2","18","75.0000","42101","Carbon monoxide","26420","Houston-The Woodlands-Sugar Land, TX","48","Texas","201","Harris","29.733726","-95.257593"
"03/28/2018","482011035","1","0.2","ppm","2","24","100.0000","42101","Carbon monoxide","26420","Houston-The Woodlands-Sugar Land, TX","48","Texas","201","Harris","29.733726","-95.257593"
"03/29/2018","482011035","1","0.2","ppm","2","24","100.0000","42101","Carbon monoxide","26420","Houston-The Woodlands-Sugar Land, TX","48","Texas","201","Harris","29.733726","-95.257593"
"03/30/2018","482011035","1","0.2","ppm","2","24","100.0000","42101","Carbon monoxide","26420","Houston-The Woodlands-Sugar Land, TX","48","Texas","201","Harris","29.733726","-95.257593"
"03/31/2018","482011035","1","0.3","ppm","3","24","100.0000","42101","Carbon monoxide","26420","Houston-The Woodlands-Sugar Land, TX","48","Texas","201","Harris","29.733726","-95.257593"
"04/01/2018","482011035","1","0.2","ppm","2","2","8.0000","42101","Carbon monoxide","26420","Houston-The Woodlands-Sugar Land, TX","48","Texas","201","Harris","29.733726","-95.257593"
"01/01/2018","482011039","2","0.2","ppm","2","19","79.0000","42101","Carbon monoxide","26420","Houston-The Woodlands-Sugar Land, TX","48","Texas","201","Harris","29.670025","-95.128508"
"01/02/2018","482011039","2","0.2","ppm","2","24","100.0000","42101","Carbon monoxide","26420","Houston-The Woodlands-Sugar Land, TX","48","Texas","201","Harris","29.670025","-95.128508"
"01/03/2018","482011039","2","0.6","ppm","7","24","100.0000","42101","Carbon monoxide","26420","Houston-The Woodlands-Sugar Land, TX","48","Texas","201","Harris","29.670025","-95.128508"
"01/04/2018","482011039","2","1","ppm","11","24","100.0000","42101","Carbon monoxide","26420","Houston-The Woodlands-Sugar Land, TX","48","Texas","201","Harris","29.670025","-95.128508"
"01/05/2018","482011039","2","0.3","ppm","3","24","100.0000","42101","Carbon monoxide","26420","Houston-The Woodlands-Sugar Land, TX","48","Texas","201","Harris","29.670025","-95.128508"
"01/06/2018","482011039","2","0.3","ppm","3","24","100.0000","42101","Carbon monoxide","26420","Houston-The Woodlands-Sugar Land, TX","48","Texas","201","Harris","29.670025","-95.128508"
"01/07/2018","482011039","2","0.3","ppm","3","24","100.0000","42101","Carbon monoxide","26420","Houston-The Woodlands-Sugar Land, TX","48","Texas","201","Harris","29.670025","-95.128508"
"01/08/2018","482011039","2","0.2","ppm","2","24","100.0000","42101","Carbon monoxide","26420","Houston-The Woodlands-Sugar Land, TX","48","Texas","201","Harris","29.670025","-95.128508"
"01/09/2018","482011039","2","0.2","ppm","2","24","100.0000","42101","Carbon monoxide","26420","Houston-The Woodlands-Sugar Land, TX","48","Texas","201","Harris","29.670025","-95.128508"
"01/10/2018","482011039","2","0.2","ppm","2","24","100.0000","42101","Carbon monoxide","26420","Houston-The Woodlands-Sugar Land, TX","48","Texas","201","Harris","29.670025","-95.128508"
"01/11/2018","482011039","2","0.2","ppm","2","24","100.0000","42101","Carbon monoxide","26420","Houston-The Woodlands-Sugar Land, TX","48","Texas","201","Harris","29.670025","-95.128508"
"01/12/2018","482011039","2","0.2","ppm","2","24","100.0000","42101","Carbon monoxide","26420","Houston-The Woodlands-Sugar Land, TX","48","Texas","201","Harris","29.670025","-95.128508"
"01/13/2018","482011039","2","0.2","ppm","2","24","100.0000","42101","Carbon monoxide","26420","Houston-The Woodlands-Sugar Land, TX","48","Texas","201","Harris","29.670025","-95.128508"
"01/14/2018","482011039","2","0.2","ppm","2","24","100.0000","42101","Carbon monoxide","26420","Houston-The Woodlands-Sugar Land, TX","48","Texas","201","Harris","29.670025","-95.128508"
"01/15/2018","482011039","2","0.4","ppm","5","24","100.0000","42101","Carbon monoxide","26420","Houston-The Woodlands-Sugar Land, TX","48","Texas","201","Harris","29.670025","-95.128508"
"01/16/2018","482011039","2","0.1","ppm","1","24","100.0000","42101","Carbon monoxide","26420","Houston-The Woodlands-Sugar Land, TX","48","Texas","201","Harris","29.670025","-95.128508"
"01/17/2018","482011039","2","0.2","ppm","2","24","100.0000","42101","Carbon monoxide","26420","Houston-The Woodlands-Sugar Land, TX","48","Texas","201","Harris","29.670025","-95.128508"
"01/18/2018","482011039","2","0.2","ppm","2","24","100.0000","42101","Carbon monoxide","26420","Houston-The Woodlands-Sugar Land, TX","48","Texas","201","Harris","29.670025","-95.128508"
"01/19/2018","482011039","2","0.2","ppm","2","24","100.0000","42101","Carbon monoxide","26420","Houston-The Woodlands-Sugar Land, TX","48","Texas","201","Harris","29.670025","-95.128508"
"01/20/2018","482011039","2","0.2","ppm","2","24","100.0000","42101","Carbon monoxide","26420","Houston-The Woodlands-Sugar Land, TX","48","Texas","201","Harris","29.670025","-95.128508"
"01/21/2018","482011039","2","0.2","ppm","2","24","100.0000","42101","Carbon monoxide","26420","Houston-The Woodlands-Sugar Land, TX","48","Texas","201","Harris","29.670025","-95.128508"
"01/22/2018","482011039","2","0.3","ppm","3","24","100.0000","42101","Carbon monoxide","26420","Houston-The Woodlands-Sugar Land, TX","48","Texas","201","Harris","29.670025","-95.128508"
"01/23/2018","482011039","2","0.4","ppm","5","24","100.0000","42101","Carbon monoxide","26420","Houston-The Woodlands-Sugar Land, TX","48","Texas","201","Harris","29.670025","-95.128508"
"01/24/2018","482011039","2","0.3","ppm","3","24","100.0000","42101","Carbon monoxide","26420","Houston-The Woodlands-Sugar Land, TX","48","Texas","201","Harris","29.670025","-95.128508"
"01/25/2018","482011039","2","0.7","ppm","8","24","100.0000","42101","Carbon monoxide","26420","Houston-The Woodlands-Sugar Land, TX","48","Texas","201","Harris","29.670025","-95.128508"
"01/26/2018","482011039","2","0.2","ppm","2","24","100.0000","42101","Carbon monoxide","26420","Houston-The Woodlands-Sugar Land, TX","48","Texas","201","Harris","29.670025","-95.128508"
"01/27/2018","482011039","2","0.2","ppm","2","24","100.0000","42101","Carbon monoxide","26420","Houston-The Woodlands-Sugar Land, TX","48","Texas","201","Harris","29.670025","-95.128508"
"01/28/2018","482011039","2","0.3","ppm","3","24","100.0000","42101","Carbon monoxide","26420","Houston-The Woodlands-Sugar Land, TX","48","Texas","201","Harris","29.670025","-95.128508"
"01/29/2018","482011039","2","0.3","ppm","3","24","100.0000","42101","Carbon monoxide","26420","Houston-The Woodlands-Sugar Land, TX","48","Texas","201","Harris","29.670025","-95.128508"
"01/30/2018","482011039","2","0.2","ppm","2","24","100.0000","42101","Carbon monoxide","26420","Houston-The Woodlands-Sugar Land, TX","48","Texas","201","Harris","29.670025","-95.128508"
"01/31/2018","482011039","2","0.3","ppm","3","24","100.0000","42101","Carbon monoxide","26420","Houston-The Woodlands-Sugar Land, TX","48","Texas","201","Harris","29.670025","-95.128508"
"02/01/2018","482011039","2","0.4","ppm","5","24","100.0000","42101","Carbon monoxide","26420","Houston-The Woodlands-Sugar Land, TX","48","Texas","201","Harris","29.670025","-95.128508"
"02/02/2018","482011039","2","0.2","ppm","2","24","100.0000","42101","Carbon monoxide","26420","Houston-The Woodlands-Sugar Land, TX","48","Texas","201","Harris","29.670025","-95.128508"
"02/03/2018","482011039","2","0.2","ppm","2","24","100.0000","42101","Carbon monoxide","26420","Houston-The Woodlands-Sugar Land, TX","48","Texas","201","Harris","29.670025","-95.128508"
"02/04/2018","482011039","2","0.3","ppm","3","24","100.0000","42101","Carbon monoxide","26420","Houston-The Woodlands-Sugar Land, TX","48","Texas","201","Harris","29.670025","-95.128508"
"02/05/2018","482011039","2","0.2","ppm","2","24","100.0000","42101","Carbon monoxide","26420","Houston-The Woodlands-Sugar Land, TX","48","Texas","201","Harris","29.670025","-95.128508"
"02/06/2018","482011039","2","0.2","ppm","2","24","100.0000","42101","Carbon monoxide","26420","Houston-The Woodlands-Sugar Land, TX","48","Texas","201","Harris","29.670025","-95.128508"
"02/07/2018","482011039","2","0.2","ppm","2","24","100.0000","42101","Carbon monoxide","26420","Houston-The Woodlands-Sugar Land, TX","48","Texas","201","Harris","29.670025","-95.128508"
"02/08/2018","482011039","2","0.2","ppm","2","18","75.0000","42101","Carbon monoxide","26420","Houston-The Woodlands-Sugar Land, TX","48","Texas","201","Harris","29.670025","-95.128508"
"02/09/2018","482011039","2","0.2","ppm","2","24","100.0000","42101","Carbon monoxide","26420","Houston-The Woodlands-Sugar Land, TX","48","Texas","201","Harris","29.670025","-95.128508"
"02/10/2018","482011039","2","0.2","ppm","2","24","100.0000","42101","Carbon monoxide","26420","Houston-The Woodlands-Sugar Land, TX","48","Texas","201","Harris","29.670025","-95.128508"
"02/11/2018","482011039","2","0.3","ppm","3","24","100.0000","42101","Carbon monoxide","26420","Houston-The Woodlands-Sugar Land, TX","48","Texas","201","Harris","29.670025","-95.128508"
"02/12/2018","482011039","2","0.2","ppm","2","24","100.0000","42101","Carbon monoxide","26420","Houston-The Woodlands-Sugar Land, TX","48","Texas","201","Harris","29.670025","-95.128508"
"02/13/2018","482011039","2","0.3","ppm","3","24","100.0000","42101","Carbon monoxide","26420","Houston-The Woodlands-Sugar Land, TX","48","Texas","201","Harris","29.670025","-95.128508"
"02/14/2018","482011039","2","0.3","ppm","3","24","100.0000","42101","Carbon monoxide","26420","Houston-The Woodlands-Sugar Land, TX","48","Texas","201","Harris","29.670025","-95.128508"
"02/15/2018","482011039","2","0.1","ppm","1","24","100.0000","42101","Carbon monoxide","26420","Houston-The Woodlands-Sugar Land, TX","48","Texas","201","Harris","29.670025","-95.128508"
"02/16/2018","482011039","2","0.2","ppm","2","24","100.0000","42101","Carbon monoxide","26420","Houston-The Woodlands-Sugar Land, TX","48","Texas","201","Harris","29.670025","-95.128508"
"02/17/2018","482011039","2","0.2","ppm","2","24","100.0000","42101","Carbon monoxide","26420","Houston-The Woodlands-Sugar Land, TX","48","Texas","201","Harris","29.670025","-95.128508"
"02/18/2018","482011039","2","0.2","ppm","2","24","100.0000","42101","Carbon monoxide","26420","Houston-The Woodlands-Sugar Land, TX","48","Texas","201","Harris","29.670025","-95.128508"
"02/19/2018","482011039","2","0.1","ppm","1","24","100.0000","42101","Carbon monoxide","26420","Houston-The Woodlands-Sugar Land, TX","48","Texas","201","Harris","29.670025","-95.128508"
"02/20/2018","482011039","2","0.1","ppm","1","24","100.0000","42101","Carbon monoxide","26420","Houston-The Woodlands-Sugar Land, TX","48","Texas","201","Harris","29.670025","-95.128508"
"02/21/2018","482011039","2","0.2","ppm","2","24","100.0000","42101","Carbon monoxide","26420","Houston-The Woodlands-Sugar Land, TX","48","Texas","201","Harris","29.670025","-95.128508"
"02/22/2018","482011039","2","0.2","ppm","2","24","100.0000","42101","Carbon monoxide","26420","Houston-The Woodlands-Sugar Land, TX","48","Texas","201","Harris","29.670025","-95.128508"
"02/23/2018","482011039","2","0.1","ppm","1","24","100.0000","42101","Carbon monoxide","26420","Houston-The Woodlands-Sugar Land, TX","48","Texas","201","Harris","29.670025","-95.128508"
"02/24/2018","482011039","2","0.1","ppm","1","24","100.0000","42101","Carbon monoxide","26420","Houston-The Woodlands-Sugar Land, TX","48","Texas","201","Harris","29.670025","-95.128508"
"02/25/2018","482011039","2","0.2","ppm","2","24","100.0000","42101","Carbon monoxide","26420","Houston-The Woodlands-Sugar Land, TX","48","Texas","201","Harris","29.670025","-95.128508"
"02/26/2018","482011039","2","0.2","ppm","2","24","100.0000","42101","Carbon monoxide","26420","Houston-The Woodlands-Sugar Land, TX","48","Texas","201","Harris","29.670025","-95.128508"
"02/27/2018","482011039","2","0.2","ppm","2","24","100.0000","42101","Carbon monoxide","26420","Houston-The Woodlands-Sugar Land, TX","48","Texas","201","Harris","29.670025","-95.128508"
"02/28/2018","482011039","2","0.1","ppm","1","24","100.0000","42101","Carbon monoxide","26420","Houston-The Woodlands-Sugar Land, TX","48","Texas","201","Harris","29.670025","-95.128508"
"03/01/2018","482011039","2","0.2","ppm","2","24","100.0000","42101","Carbon monoxide","26420","Houston-The Woodlands-Sugar Land, TX","48","Texas","201","Harris","29.670025","-95.128508"
"03/02/2018","482011039","2","0.2","ppm","2","24","100.0000","42101","Carbon monoxide","26420","Houston-The Woodlands-Sugar Land, TX","48","Texas","201","Harris","29.670025","-95.128508"
"03/03/2018","482011039","2","0.2","ppm","2","24","100.0000","42101","Carbon monoxide","26420","Houston-The Woodlands-Sugar Land, TX","48","Texas","201","Harris","29.670025","-95.128508"
"03/04/2018","482011039","2","0.2","ppm","2","24","100.0000","42101","Carbon monoxide","26420","Houston-The Woodlands-Sugar Land, TX","48","Texas","201","Harris","29.670025","-95.128508"
"03/05/2018","482011039","2","0.2","ppm","2","24","100.0000","42101","Carbon monoxide","26420","Houston-The Woodlands-Sugar Land, TX","48","Texas","201","Harris","29.670025","-95.128508"
"03/06/2018","482011039","2","0.2","ppm","2","24","100.0000","42101","Carbon monoxide","26420","Houston-The Woodlands-Sugar Land, TX","48","Texas","201","Harris","29.670025","-95.128508"
"03/07/2018","482011039","2","0.2","ppm","2","24","100.0000","42101","Carbon monoxide","26420","Houston-The Woodlands-Sugar Land, TX","48","Texas","201","Harris","29.670025","-95.128508"
"03/08/2018","482011039","2","0.2","ppm","2","24","100.0000","42101","Carbon monoxide","26420","Houston-The Woodlands-Sugar Land, TX","48","Texas","201","Harris","29.670025","-95.128508"
"03/09/2018","482011039","2","0.3","ppm","3","24","100.0000","42101","Carbon monoxide","26420","Houston-The Woodlands-Sugar Land, TX","48","Texas","201","Harris","29.670025","-95.128508"
"03/10/2018","482011039","2","0.2","ppm","2","24","100.0000","42101","Carbon monoxide","26420","Houston-The Woodlands-Sugar Land, TX","48","Texas","201","Harris","29.670025","-95.128508"
"03/11/2018","482011039","2","0.2","ppm","2","24","100.0000","42101","Carbon monoxide","26420","Houston-The Woodlands-Sugar Land, TX","48","Texas","201","Harris","29.670025","-95.128508"
"03/12/2018","482011039","2","0.2","ppm","2","24","100.0000","42101","Carbon monoxide","26420","Houston-The Woodlands-Sugar Land, TX","48","Texas","201","Harris","29.670025","-95.128508"
"03/13/2018","482011039","2","0.3","ppm","3","24","100.0000","42101","Carbon monoxide","26420","Houston-The Woodlands-Sugar Land, TX","48","Texas","201","Harris","29.670025","-95.128508"
"03/14/2018","482011039","2","0.3","ppm","3","24","100.0000","42101","Carbon monoxide","26420","Houston-The Woodlands-Sugar Land, TX","48","Texas","201","Harris","29.670025","-95.128508"
"03/15/2018","482011039","2","0.3","ppm","3","24","100.0000","42101","Carbon monoxide","26420","Houston-The Woodlands-Sugar Land, TX","48","Texas","201","Harris","29.670025","-95.128508"
"03/16/2018","482011039","2","0.2","ppm","2","18","75.0000","42101","Carbon monoxide","26420","Houston-The Woodlands-Sugar Land, TX","48","Texas","201","Harris","29.670025","-95.128508"
"03/17/2018","482011039","2","0.2","ppm","2","24","100.0000","42101","Carbon monoxide","26420","Houston-The Woodlands-Sugar Land, TX","48","Texas","201","Harris","29.670025","-95.128508"
"03/18/2018","482011039","2","0.2","ppm","2","24","100.0000","42101","Carbon monoxide","26420","Houston-The Woodlands-Sugar Land, TX","48","Texas","201","Harris","29.670025","-95.128508"
"03/19/2018","482011039","2","0.2","ppm","2","24","100.0000","42101","Carbon monoxide","26420","Houston-The Woodlands-Sugar Land, TX","48","Texas","201","Harris","29.670025","-95.128508"
"03/20/2018","482011039","2","0.2","ppm","2","18","75.0000","42101","Carbon monoxide","26420","Houston-The Woodlands-Sugar Land, TX","48","Texas","201","Harris","29.670025","-95.128508"
"03/21/2018","482011039","2","0.3","ppm","3","24","100.0000","42101","Carbon monoxide","26420","Houston-The Woodlands-Sugar Land, TX","48","Texas","201","Harris","29.670025","-95.128508"
"03/22/2018","482011039","2","0.4","ppm","5","24","100.0000","42101","Carbon monoxide","26420","Houston-The Woodlands-Sugar Land, TX","48","Texas","201","Harris","29.670025","-95.128508"
"03/23/2018","482011039","2","0.2","ppm","2","24","100.0000","42101","Carbon monoxide","26420","Houston-The Woodlands-Sugar Land, TX","48","Texas","201","Harris","29.670025","-95.128508"
"03/24/2018","482011039","2","0.2","ppm","2","24","100.0000","42101","Carbon monoxide","26420","Houston-The Woodlands-Sugar Land, TX","48","Texas","201","Harris","29.670025","-95.128508"
"03/25/2018","482011039","2","0.2","ppm","2","24","100.0000","42101","Carbon monoxide","26420","Houston-The Woodlands-Sugar Land, TX","48","Texas","201","Harris","29.670025","-95.128508"
"03/26/2018","482011039","2","0.2","ppm","2","24","100.0000","42101","Carbon monoxide","26420","Houston-The Woodlands-Sugar Land, TX","48","Texas","201","Harris","29.670025","-95.128508"
"03/27/2018","482011039","2","0.2","ppm","2","24","100.0000","42101","Carbon monoxide","26420","Houston-The Woodlands-Sugar Land, TX","48","Texas","201","Harris","29.670025","-95.128508"
"03/28/2018","482011039","2","0.2","ppm","2","24","100.0000","42101","Carbon monoxide","26420","Houston-The Woodlands-Sugar Land, TX","48","Texas","201","Harris","29.670025","-95.128508"
"03/29/2018","482011039","2","0.2","ppm","2","24","100.0000","42101","Carbon monoxide","26420","Houston-The Woodlands-Sugar Land, TX","48","Texas","201","Harris","29.670025","-95.128508"
"03/30/2018","482011039","2","0.2","ppm","2","24","100.0000","42101","Carbon monoxide","26420","Houston-The Woodlands-Sugar Land, TX","48","Texas","201","Harris","29.670025","-95.128508"
"03/31/2018","482011039","2","0.3","ppm","3","24","100.0000","42101","Carbon monoxide","26420","Houston-The Woodlands-Sugar Land, TX","48","Texas","201","Harris","29.670025","-95.128508"
"04/01/2018","482011039","2","0.2","ppm","2","2","8.0000","42101","Carbon monoxide","26420","Houston-The Woodlands-Sugar Land, TX","48","Texas","201","Harris","29.670025","-95.128508"
"01/01/2018","482011052","1","0.3","ppm","3","19","79.0000","42101","Carbon monoxide","26420","Houston-The Woodlands-Sugar Land, TX","48","Texas","201","Harris","29.81453","-95.38769"
"01/02/2018","482011052","1","0.3","ppm","3","24","100.0000","42101","Carbon monoxide","26420","Houston-The Woodlands-Sugar Land, TX","48","Texas","201","Harris","29.81453","-95.38769"
"01/03/2018","482011052","1","1","ppm","11","24","100.0000","42101","Carbon monoxide","26420","Houston-The Woodlands-Sugar Land, TX","48","Texas","201","Harris","29.81453","-95.38769"
"01/04/2018","482011052","1","1.3","ppm","15","24","100.0000","42101","Carbon monoxide","26420","Houston-The Woodlands-Sugar Land, TX","48","Texas","201","Harris","29.81453","-95.38769"
"01/05/2018","482011052","1","1","ppm","11","24","100.0000","42101","Carbon monoxide","26420","Houston-The Woodlands-Sugar Land, TX","48","Texas","201","Harris","29.81453","-95.38769"
"01/06/2018","482011052","1","1","ppm","11","24","100.0000","42101","Carbon monoxide","26420","Houston-The Woodlands-Sugar Land, TX","48","Texas","201","Harris","29.81453","-95.38769"
"01/07/2018","482011052","1","1","ppm","11","24","100.0000","42101","Carbon monoxide","26420","Houston-The Woodlands-Sugar Land, TX","48","Texas","201","Harris","29.81453","-95.38769"
"01/08/2018","482011052","1","0.7","ppm","8","24","100.0000","42101","Carbon monoxide","26420","Houston-The Woodlands-Sugar Land, TX","48","Texas","201","Harris","29.81453","-95.38769"
"01/09/2018","482011052","1","0.7","ppm","8","24","100.0000","42101","Carbon monoxide","26420","Houston-The Woodlands-Sugar Land, TX","48","Texas","201","Harris","29.81453","-95.38769"
"01/10/2018","482011052","1","0.8","ppm","9","24","100.0000","42101","Carbon monoxide","26420","Houston-The Woodlands-Sugar Land, TX","48","Texas","201","Harris","29.81453","-95.38769"
"01/11/2018","482011052","1","1.2","ppm","14","24","100.0000","42101","Carbon monoxide","26420","Houston-The Woodlands-Sugar Land, TX","48","Texas","201","Harris","29.81453","-95.38769"
"01/12/2018","482011052","1","0.3","ppm","3","24","100.0000","42101","Carbon monoxide","26420","Houston-The Woodlands-Sugar Land, TX","48","Texas","201","Harris","29.81453","-95.38769"
"01/13/2018","482011052","1","0.6","ppm","7","24","100.0000","42101","Carbon monoxide","26420","Houston-The Woodlands-Sugar Land, TX","48","Texas","201","Harris","29.81453","-95.38769"
"01/14/2018","482011052","1","0.8","ppm","9","24","100.0000","42101","Carbon monoxide","26420","Houston-The Woodlands-Sugar Land, TX","48","Texas","201","Harris","29.81453","-95.38769"
"01/15/2018","482011052","1","1.1","ppm","13","24","100.0000","42101","Carbon monoxide","26420","Houston-The Woodlands-Sugar Land, TX","48","Texas","201","Harris","29.81453","-95.38769"
"01/16/2018","482011052","1","0.7","ppm","8","24","100.0000","42101","Carbon monoxide","26420","Houston-The Woodlands-Sugar Land, TX","48","Texas","201","Harris","29.81453","-95.38769"
"01/17/2018","482011052","1","0.5","ppm","6","24","100.0000","42101","Carbon monoxide","26420","Houston-The Woodlands-Sugar Land, TX","48","Texas","201","Harris","29.81453","-95.38769"
"01/18/2018","482011052","1","0.6","ppm","7","24","100.0000","42101","Carbon monoxide","26420","Houston-The Woodlands-Sugar Land, TX","48","Texas","201","Harris","29.81453","-95.38769"
"01/19/2018","482011052","1","0.9","ppm","10","24","100.0000","42101","Carbon monoxide","26420","Houston-The Woodlands-Sugar Land, TX","48","Texas","201","Harris","29.81453","-95.38769"
"01/20/2018","482011052","1","1","ppm","11","24","100.0000","42101","Carbon monoxide","26420","Houston-The Woodlands-Sugar Land, TX","48","Texas","201","Harris","29.81453","-95.38769"
"01/21/2018","482011052","1","0.7","ppm","8","24","100.0000","42101","Carbon monoxide","26420","Houston-The Woodlands-Sugar Land, TX","48","Texas","201","Harris","29.81453","-95.38769"
"01/22/2018","482011052","1","0.7","ppm","8","24","100.0000","42101","Carbon monoxide","26420","Houston-The Woodlands-Sugar Land, TX","48","Texas","201","Harris","29.81453","-95.38769"
"01/23/2018","482011052","1","1","ppm","11","24","100.0000","42101","Carbon monoxide","26420","Houston-The Woodlands-Sugar Land, TX","48","Texas","201","Harris","29.81453","-95.38769"
"01/24/2018","482011052","1","1.1","ppm","13","24","100.0000","42101","Carbon monoxide","26420","Houston-The Woodlands-Sugar Land, TX","48","Texas","201","Harris","29.81453","-95.38769"
"01/25/2018","482011052","1","1.8","ppm","20","24","100.0000","42101","Carbon monoxide","26420","Houston-The Woodlands-Sugar Land, TX","48","Texas","201","Harris","29.81453","-95.38769"
"01/26/2018","482011052","1","0.9","ppm","10","24","100.0000","42101","Carbon monoxide","26420","Houston-The Woodlands-Sugar Land, TX","48","Texas","201","Harris","29.81453","-95.38769"
"01/27/2018","482011052","1","0.8","ppm","9","24","100.0000","42101","Carbon monoxide","26420","Houston-The Woodlands-Sugar Land, TX","48","Texas","201","Harris","29.81453","-95.38769"
"01/28/2018","482011052","1","0.8","ppm","9","24","100.0000","42101","Carbon monoxide","26420","Houston-The Woodlands-Sugar Land, TX","48","Texas","201","Harris","29.81453","-95.38769"
"01/29/2018","482011052","1","0.8","ppm","9","24","100.0000","42101","Carbon monoxide","26420","Houston-The Woodlands-Sugar Land, TX","48","Texas","201","Harris","29.81453","-95.38769"
"01/30/2018","482011052","1","0.8","ppm","9","24","100.0000","42101","Carbon monoxide","26420","Houston-The Woodlands-Sugar Land, TX","48","Texas","201","Harris","29.81453","-95.38769"
"01/31/2018","482011052","1","1","ppm","11","24","100.0000","42101","Carbon monoxide","26420","Houston-The Woodlands-Sugar Land, TX","48","Texas","201","Harris","29.81453","-95.38769"
"02/01/2018","482011052","1","1","ppm","11","24","100.0000","42101","Carbon monoxide","26420","Houston-The Woodlands-Sugar Land, TX","48","Texas","201","Harris","29.81453","-95.38769"
"02/02/2018","482011052","1","0.5","ppm","6","24","100.0000","42101","Carbon monoxide","26420","Houston-The Woodlands-Sugar Land, TX","48","Texas","201","Harris","29.81453","-95.38769"
"02/03/2018","482011052","1","0.9","ppm","10","24","100.0000","42101","Carbon monoxide","26420","Houston-The Woodlands-Sugar Land, TX","48","Texas","201","Harris","29.81453","-95.38769"
"02/04/2018","482011052","1","0.9","ppm","10","24","100.0000","42101","Carbon monoxide","26420","Houston-The Woodlands-Sugar Land, TX","48","Texas","201","Harris","29.81453","-95.38769"
"02/05/2018","482011052","1","0.9","ppm","10","24","100.0000","42101","Carbon monoxide","26420","Houston-The Woodlands-Sugar Land, TX","48","Texas","201","Harris","29.81453","-95.38769"
"02/06/2018","482011052","1","1.1","ppm","13","24","100.0000","42101","Carbon monoxide","26420","Houston-The Woodlands-Sugar Land, TX","48","Texas","201","Harris","29.81453","-95.38769"
"02/07/2018","482011052","1","0.6","ppm","7","24","100.0000","42101","Carbon monoxide","26420","Houston-The Woodlands-Sugar Land, TX","48","Texas","201","Harris","29.81453","-95.38769"
"02/08/2018","482011052","1","1","ppm","11","24","100.0000","42101","Carbon monoxide","26420","Houston-The Woodlands-Sugar Land, TX","48","Texas","201","Harris","29.81453","-95.38769"
"02/09/2018","482011052","1","1","ppm","11","24","100.0000","42101","Carbon monoxide","26420","Houston-The Woodlands-Sugar Land, TX","48","Texas","201","Harris","29.81453","-95.38769"
"02/10/2018","482011052","1","1","ppm","11","24","100.0000","42101","Carbon monoxide","26420","Houston-The Woodlands-Sugar Land, TX","48","Texas","201","Harris","29.81453","-95.38769"
"02/11/2018","482011052","1","0.5","ppm","6","22","92.0000","42101","Carbon monoxide","26420","Houston-The Woodlands-Sugar Land, TX","48","Texas","201","Harris","29.81453","-95.38769"
"02/12/2018","482011052","1","0.4","ppm","5","24","100.0000","42101","Carbon monoxide","26420","Houston-The Woodlands-Sugar Land, TX","48","Texas","201","Harris","29.81453","-95.38769"
"02/13/2018","482011052","1","0.6","ppm","7","24","100.0000","42101","Carbon monoxide","26420","Houston-The Woodlands-Sugar Land, TX","48","Texas","201","Harris","29.81453","-95.38769"
"02/14/2018","482011052","1","1.1","ppm","13","22","92.0000","42101","Carbon monoxide","26420","Houston-The Woodlands-Sugar Land, TX","48","Texas","201","Harris","29.81453","-95.38769"
"02/15/2018","482011052","1","0.6","ppm","7","24","100.0000","42101","Carbon monoxide","26420","Houston-The Woodlands-Sugar Land, TX","48","Texas","201","Harris","29.81453","-95.38769"
"02/16/2018","482011052","1","0.7","ppm","8","24","100.0000","42101","Carbon monoxide","26420","Houston-The Woodlands-Sugar Land, TX","48","Texas","201","Harris","29.81453","-95.38769"
"02/17/2018","482011052","1","0.6","ppm","7","24","100.0000","42101","Carbon monoxide","26420","Houston-The Woodlands-Sugar Land, TX","48","Texas","201","Harris","29.81453","-95.38769"
"02/18/2018","482011052","1","0.8","ppm","9","24","100.0000","42101","Carbon monoxide","26420","Houston-The Woodlands-Sugar Land, TX","48","Texas","201","Harris","29.81453","-95.38769"
"02/19/2018","482011052","1","0.7","ppm","8","24","100.0000","42101","Carbon monoxide","26420","Houston-The Woodlands-Sugar Land, TX","48","Texas","201","Harris","29.81453","-95.38769"
"02/20/2018","482011052","1","0.6","ppm","7","24","100.0000","42101","Carbon monoxide","26420","Houston-The Woodlands-Sugar Land, TX","48","Texas","201","Harris","29.81453","-95.38769"
"02/21/2018","482011052","1","0.7","ppm","8","24","100.0000","42101","Carbon monoxide","26420","Houston-The Woodlands-Sugar Land, TX","48","Texas","201","Harris","29.81453","-95.38769"
"02/22/2018","482011052","1","1","ppm","11","24","100.0000","42101","Carbon monoxide","26420","Houston-The Woodlands-Sugar Land, TX","48","Texas","201","Harris","29.81453","-95.38769"
"02/23/2018","482011052","1","0.9","ppm","10","24","100.0000","42101","Carbon monoxide","26420","Houston-The Woodlands-Sugar Land, TX","48","Texas","201","Harris","29.81453","-95.38769"
"02/24/2018","482011052","1","0.7","ppm","8","24","100.0000","42101","Carbon monoxide","26420","Houston-The Woodlands-Sugar Land, TX","48","Texas","201","Harris","29.81453","-95.38769"
"02/25/2018","482011052","1","0.7","ppm","8","24","100.0000","42101","Carbon monoxide","26420","Houston-The Woodlands-Sugar Land, TX","48","Texas","201","Harris","29.81453","-95.38769"
"02/26/2018","482011052","1","0.5","ppm","6","24","100.0000","42101","Carbon monoxide","26420","Houston-The Woodlands-Sugar Land, TX","48","Texas","201","Harris","29.81453","-95.38769"
"02/27/2018","482011052","1","0.7","ppm","8","24","100.0000","42101","Carbon monoxide","26420","Houston-The Woodlands-Sugar Land, TX","48","Texas","201","Harris","29.81453","-95.38769"
"02/28/2018","482011052","1","0.7","ppm","8","24","100.0000","42101","Carbon monoxide","26420","Houston-The Woodlands-Sugar Land, TX","48","Texas","201","Harris","29.81453","-95.38769"
"03/01/2018","482011052","1","0.6","ppm","7","24","100.0000","42101","Carbon monoxide","26420","Houston-The Woodlands-Sugar Land, TX","48","Texas","201","Harris","29.81453","-95.38769"
"03/02/2018","482011052","1","0.7","ppm","8","24","100.0000","42101","Carbon monoxide","26420","Houston-The Woodlands-Sugar Land, TX","48","Texas","201","Harris","29.81453","-95.38769"
"03/03/2018","482011052","1","0.9","ppm","10","24","100.0000","42101","Carbon monoxide","26420","Houston-The Woodlands-Sugar Land, TX","48","Texas","201","Harris","29.81453","-95.38769"
"03/04/2018","482011052","1","0.8","ppm","9","24","100.0000","42101","Carbon monoxide","26420","Houston-The Woodlands-Sugar Land, TX","48","Texas","201","Harris","29.81453","-95.38769"
"03/05/2018","482011052","1","0.8","ppm","9","24","100.0000","42101","Carbon monoxide","26420","Houston-The Woodlands-Sugar Land, TX","48","Texas","201","Harris","29.81453","-95.38769"
"03/06/2018","482011052","1","0.6","ppm","7","24","100.0000","42101","Carbon monoxide","26420","Houston-The Woodlands-Sugar Land, TX","48","Texas","201","Harris","29.81453","-95.38769"
"03/07/2018","482011052","1","0.5","ppm","6","24","100.0000","42101","Carbon monoxide","26420","Houston-The Woodlands-Sugar Land, TX","48","Texas","201","Harris","29.81453","-95.38769"
"03/08/2018","482011052","1","0.8","ppm","9","24","100.0000","42101","Carbon monoxide","26420","Houston-The Woodlands-Sugar Land, TX","48","Texas","201","Harris","29.81453","-95.38769"
"03/09/2018","482011052","1","0.9","ppm","10","24","100.0000","42101","Carbon monoxide","26420","Houston-The Woodlands-Sugar Land, TX","48","Texas","201","Harris","29.81453","-95.38769"
"03/10/2018","482011052","1","0.9","ppm","10","24","100.0000","42101","Carbon monoxide","26420","Houston-The Woodlands-Sugar Land, TX","48","Texas","201","Harris","29.81453","-95.38769"
"03/11/2018","482011052","1","0.7","ppm","8","22","92.0000","42101","Carbon monoxide","26420","Houston-The Woodlands-Sugar Land, TX","48","Texas","201","Harris","29.81453","-95.38769"
"03/12/2018","482011052","1","0.5","ppm","6","24","100.0000","42101","Carbon monoxide","26420","Houston-The Woodlands-Sugar Land, TX","48","Texas","201","Harris","29.81453","-95.38769"
"03/13/2018","482011052","1","0.7","ppm","8","24","100.0000","42101","Carbon monoxide","26420","Houston-The Woodlands-Sugar Land, TX","48","Texas","201","Harris","29.81453","-95.38769"
"03/14/2018","482011052","1","0.8","ppm","9","17","71.0000","42101","Carbon monoxide","26420","Houston-The Woodlands-Sugar Land, TX","48","Texas","201","Harris","29.81453","-95.38769"
"03/15/2018","482011052","1","1","ppm","11","24","100.0000","42101","Carbon monoxide","26420","Houston-The Woodlands-Sugar Land, TX","48","Texas","201","Harris","29.81453","-95.38769"
"03/16/2018","482011052","1","0.8","ppm","9","24","100.0000","42101","Carbon monoxide","26420","Houston-The Woodlands-Sugar Land, TX","48","Texas","201","Harris","29.81453","-95.38769"
"03/17/2018","482011052","1","0.9","ppm","10","24","100.0000","42101","Carbon monoxide","26420","Houston-The Woodlands-Sugar Land, TX","48","Texas","201","Harris","29.81453","-95.38769"
"03/18/2018","482011052","1","0.8","ppm","9","24","100.0000","42101","Carbon monoxide","26420","Houston-The Woodlands-Sugar Land, TX","48","Texas","201","Harris","29.81453","-95.38769"
"03/19/2018","482011052","1","0.7","ppm","8","24","100.0000","42101","Carbon monoxide","26420","Houston-The Woodlands-Sugar Land, TX","48","Texas","201","Harris","29.81453","-95.38769"
"03/20/2018","482011052","1","0.4","ppm","5","24","100.0000","42101","Carbon monoxide","26420","Houston-The Woodlands-Sugar Land, TX","48","Texas","201","Harris","29.81453","-95.38769"
"03/21/2018","482011052","1","0.8","ppm","9","24","100.0000","42101","Carbon monoxide","26420","Houston-The Woodlands-Sugar Land, TX","48","Texas","201","Harris","29.81453","-95.38769"
"03/22/2018","482011052","1","0.9","ppm","10","24","100.0000","42101","Carbon monoxide","26420","Houston-The Woodlands-Sugar Land, TX","48","Texas","201","Harris","29.81453","-95.38769"
"03/23/2018","482011052","1","0.7","ppm","8","24","100.0000","42101","Carbon monoxide","26420","Houston-The Woodlands-Sugar Land, TX","48","Texas","201","Harris","29.81453","-95.38769"
"03/24/2018","482011052","1","0.8","ppm","9","24","100.0000","42101","Carbon monoxide","26420","Houston-The Woodlands-Sugar Land, TX","48","Texas","201","Harris","29.81453","-95.38769"
"03/25/2018","482011052","1","0.8","ppm","9","24","100.0000","42101","Carbon monoxide","26420","Houston-The Woodlands-Sugar Land, TX","48","Texas","201","Harris","29.81453","-95.38769"
"03/26/2018","482011052","1","0.7","ppm","8","24","100.0000","42101","Carbon monoxide","26420","Houston-The Woodlands-Sugar Land, TX","48","Texas","201","Harris","29.81453","-95.38769"
"03/27/2018","482011052","1","0.8","ppm","9","24","100.0000","42101","Carbon monoxide","26420","Houston-The Woodlands-Sugar Land, TX","48","Texas","201","Harris","29.81453","-95.38769"
"03/28/2018","482011052","1","0.8","ppm","9","24","100.0000","42101","Carbon monoxide","26420","Houston-The Woodlands-Sugar Land, TX","48","Texas","201","Harris","29.81453","-95.38769"
"03/29/2018","482011052","1","0.8","ppm","9","24","100.0000","42101","Carbon monoxide","26420","Houston-The Woodlands-Sugar Land, TX","48","Texas","201","Harris","29.81453","-95.38769"
"03/30/2018","482011052","1","0.7","ppm","8","24","100.0000","42101","Carbon monoxide","26420","Houston-The Woodlands-Sugar Land, TX","48","Texas","201","Harris","29.81453","-95.38769"
"03/31/2018","482011052","1","0.9","ppm","10","24","100.0000","42101","Carbon monoxide","26420","Houston-The Woodlands-Sugar Land, TX","48","Texas","201","Harris","29.81453","-95.38769"
"04/01/2018","482011052","1","0.6","ppm","7","2","8.0000","42101","Carbon monoxide","26420","Houston-The Woodlands-Sugar Land, TX","48","Texas","201","Harris","29.81453","-95.38769"
